PRAGMA foreign_keys=OFF;
BEGIN TRANSACTION;
CREATE TABLE IF NOT EXISTS "schema_migrations" ("version" varchar NOT NULL PRIMARY KEY);
INSERT INTO schema_migrations VALUES('20170331045923');
INSERT INTO schema_migrations VALUES('20170418070645');
INSERT INTO schema_migrations VALUES('20170427063848');
INSERT INTO schema_migrations VALUES('20170515060224');
INSERT INTO schema_migrations VALUES('20220812074136');
INSERT INTO schema_migrations VALUES('20220812075651');
INSERT INTO schema_migrations VALUES('20220816114531');
INSERT INTO schema_migrations VALUES('20220816135359');
INSERT INTO schema_migrations VALUES('20220816145113');
CREATE TABLE IF NOT EXISTS "ar_internal_metadata" ("key" varchar NOT NULL PRIMARY KEY, "value" varchar, "created_at" datetime NOT NULL, "updated_at" datetime NOT NULL);
INSERT INTO ar_internal_metadata VALUES('environment','development','2017-03-31 05:21:00.324397','2017-03-31 05:21:00.324397');
CREATE TABLE IF NOT EXISTS "posts" ("id" INTEGER PRIMARY KEY AUTOINCREMENT NOT NULL, "content" text, "created_at" datetime NOT NULL, "updated_at" datetime NOT NULL, "user_id" integer);
INSERT INTO posts VALUES(1,'fss','2022-08-15 15:18:38.547510','2022-08-15 15:18:38.547510',1);
INSERT INTO posts VALUES(2,replace(replace('gdfgd\r\n','\r',char(13)),'\n',char(10)),'2022-08-15 15:18:44.865097','2022-08-15 15:18:44.865097',1);
INSERT INTO posts VALUES(3,'dhd','2022-08-15 15:20:07.988416','2022-08-15 15:20:07.988416',1);
INSERT INTO posts VALUES(4,'dfgdsg','2022-08-16 07:08:56.769245','2022-08-16 07:08:56.769245',2);
CREATE TABLE IF NOT EXISTS "likes" ("id" INTEGER PRIMARY KEY AUTOINCREMENT NOT NULL, "user_id" integer, "post_id" integer, "created_at" datetime NOT NULL, "updated_at" datetime NOT NULL);
INSERT INTO likes VALUES(1,1,2,'2022-08-12 17:12:45.025849','2022-08-12 17:12:45.025849');
INSERT INTO likes VALUES(2,1,2,'2022-08-13 04:25:50.151525','2022-08-13 04:25:50.151525');
INSERT INTO likes VALUES(5,1,1,'2022-08-16 02:18:03.482632','2022-08-16 02:18:03.482632');
INSERT INTO likes VALUES(7,2,2,'2022-08-16 07:08:48.986937','2022-08-16 07:08:48.986937');
INSERT INTO likes VALUES(8,2,4,'2022-08-16 07:09:06.150319','2022-08-16 07:09:06.150319');
CREATE TABLE IF NOT EXISTS "users" ("id" INTEGER PRIMARY KEY AUTOINCREMENT NOT NULL, "name" varchar, "email" varchar, "created_at" datetime NOT NULL, "updated_at" datetime NOT NULL, "image_name" varchar, "password_digest" varchar);
INSERT INTO users VALUES(1,'Ken the Ninja','ken@progate.com','2017-04-18 08:06:52.739295','2022-08-16 14:54:25.494001','default_user.jpg','$2a$10$RwHp40XkpBnhkvu1Pzbs5O.GCIIuGekF.Hxyoj2EzDuTYNZwYQDj2');
INSERT INTO users VALUES(2,'Master Wooly','master@progate.com','2017-04-18 11:23:07.328713','2017-04-18 11:23:07.328713','2.jpg',NULL);
INSERT INTO users VALUES(3,'Ben the Baby Ninja','baby@progate.com','2017-04-18 12:23:07.328713','2017-04-18 12:23:07.328713','3.jpg',NULL);
INSERT INTO users VALUES(4,'Sean','sean@progate.com','2017-04-18 13:23:07.328713','2017-04-18 13:23:07.328713','4.jpg',NULL);
INSERT INTO users VALUES(5,'Michi','michiko@progate.com','2017-04-18 13:23:07.328713','2017-04-18 13:23:07.328713','5.jpg',NULL);
DELETE FROM sqlite_sequence;
INSERT INTO sqlite_sequence VALUES('likes',8);
INSERT INTO sqlite_sequence VALUES('posts',4);
INSERT INTO sqlite_sequence VALUES('users',5);
COMMIT;
